-- KingOfSecretSociety_Harmonists
-- Author: Konomi
-- DateCreated: 9/3/2022 13:45:25
--------------------------------------------------------------

INSERT INTO Types 
		(Type,								Kind)
VALUES 	('POLICY_KOSS_HARMONISTS_1',		'KIND_POLICY'),
	 	('POLICY_KOSS_HARMONISTS_2',		'KIND_POLICY'),
	 	('POLICY_KOSS_HARMONISTS_3',		'KIND_POLICY'),
	 	('POLICY_KOSS_HARMONISTS_4',		'KIND_POLICY');

INSERT INTO Policies 
		(PolicyType,						Name,																						Description,									GovernmentSlotType,		ExplicitUnlock)
VALUES 	('POLICY_KOSS_HARMONISTS_1',		'[ICON_SECRETSOCIETY_JGP_HARMONISTS] 1 {LOC_GOVERNOR_PROMOTION_JGP_HARMONISTS_1_NAME}',		'LOC_POLICY_KOSS_HARMONISTS_1_DESCRIPTION',		'SLOT_WILDCARD',	 	1),
	 	('POLICY_KOSS_HARMONISTS_2',		'[ICON_SECRETSOCIETY_JGP_HARMONISTS] 2 {LOC_GOVERNOR_PROMOTION_JGP_HARMONISTS_2_NAME}',		'LOC_POLICY_KOSS_HARMONISTS_2_DESCRIPTION',		'SLOT_WILDCARD',	 	1),
	 	('POLICY_KOSS_HARMONISTS_3',		'[ICON_SECRETSOCIETY_JGP_HARMONISTS] 3 {LOC_GOVERNOR_PROMOTION_JGP_HARMONISTS_3_NAME}',		'LOC_POLICY_KOSS_HARMONISTS_3_DESCRIPTION',		'SLOT_WILDCARD',	 	1),
	 	('POLICY_KOSS_HARMONISTS_4',		'[ICON_SECRETSOCIETY_JGP_HARMONISTS] 4 {LOC_GOVERNOR_PROMOTION_JGP_HARMONISTS_4_NAME}',		'LOC_POLICY_KOSS_HARMONISTS_4_DESCRIPTION',		'SLOT_WILDCARD',	 	1);

INSERT INTO KOSS_GovernorPromotionPolicies
		(GovernorPromotionType,								PolicyType)
VALUES	('GOVERNOR_PROMOTION_KING_OF_SECRET_SOCIETY_1',		'POLICY_KOSS_HARMONISTS_1'),
		('GOVERNOR_PROMOTION_KING_OF_SECRET_SOCIETY_2',		'POLICY_KOSS_HARMONISTS_2'),
		('GOVERNOR_PROMOTION_KING_OF_SECRET_SOCIETY_3',		'POLICY_KOSS_HARMONISTS_3'),
		('GOVERNOR_PROMOTION_KING_OF_SECRET_SOCIETY_4',		'POLICY_KOSS_HARMONISTS_4');

INSERT INTO KOSS_SocietyPolicyBackgrounds
		(PolicyPrefix,				Background)
VALUES	('POLICY_KOSS_HARM',		'Governments_KOSS_OtherCard');

INSERT INTO PolicyModifiers
		(PolicyType,						ModifierId)
VALUES	('POLICY_KOSS_HARMONISTS_1',		'MOD_JGP_HARMONISTS_1_REVEAL_LEY_LINES'),
		('POLICY_KOSS_HARMONISTS_1',		'MOD_JGP_HARMONISTS_1_LEY_LINE_SCIENCE_NO_CAMPUS'),
		('POLICY_KOSS_HARMONISTS_1',		'MOD_JGP_HARMONISTS_1_LEY_LINE_CULTURE_NO_THEATER'),
		('POLICY_KOSS_HARMONISTS_1',		'MOD_JGP_HARMONISTS_1_LEY_LINE_FAITH_NO_HOLY_SITE'),
		('POLICY_KOSS_HARMONISTS_1',		'MOD_JGP_HARMONISTS_1_LEY_LINE_GOLD_NO_COMMERCIAL'),
		('POLICY_KOSS_HARMONISTS_1',		'MOD_JGP_HARMONISTS_1_LEY_LINE_GOLD_NO_HARBOR'),
		('POLICY_KOSS_HARMONISTS_1',		'MOD_JGP_HARMONISTS_1_LEY_LINE_PRODUCTION_NO_INDUSTRIAL'),
		('POLICY_KOSS_HARMONISTS_2',		'MOD_JGP_HARMONISTS_2_PRESERVE_HOUSING'),
		('POLICY_KOSS_HARMONISTS_2',		'MOD_JGP_HARMONISTS_2_PRESERVE_GROWTH'),
		('POLICY_KOSS_HARMONISTS_2',		'MOD_JGP_HARMONISTS_2_GROVE_HOUSING'),
		('POLICY_KOSS_HARMONISTS_2',		'MOD_JGP_HARMONISTS_2_GROVE_GROWTH'),
		('POLICY_KOSS_HARMONISTS_2',		'MOD_JGP_HARMONISTS_2_SANCTUARY_HOUSING'),
		('POLICY_KOSS_HARMONISTS_2',		'MOD_JGP_HARMONISTS_2_SANCTUARY_GROWTH'),
		('POLICY_KOSS_HARMONISTS_2',		'MOD_JGP_HARMONISTS_PRESERVE_ADJACENT_SCIENCE_ATTACH'),
		('POLICY_KOSS_HARMONISTS_2',		'MOD_JGP_HARMONISTS_PRESERVE_ADJACENT_CULTURE_ATTACH'),
		('POLICY_KOSS_HARMONISTS_2',		'MOD_JGP_HARMONISTS_PRESERVE_ADJACENT_GOLD_1_ATTACH'),
		('POLICY_KOSS_HARMONISTS_2',		'MOD_JGP_HARMONISTS_PRESERVE_ADJACENT_GOLD_2_ATTACH'),
		('POLICY_KOSS_HARMONISTS_2',		'MOD_JGP_HARMONISTS_PRESERVE_ADJACENT_PRODUCTION_ATTACH'),
		('POLICY_KOSS_HARMONISTS_2',		'MOD_JGP_HARMONISTS_PRESERVE_ADJACENT_FAITH_ATTACH'),
		('POLICY_KOSS_HARMONISTS_3',		'MOD_JGP_HARMONISTS_1_LEY_LINE_SCIENCE_NO_CAMPUS'),
		('POLICY_KOSS_HARMONISTS_3',		'MOD_JGP_HARMONISTS_1_LEY_LINE_CULTURE_NO_THEATER'),
		('POLICY_KOSS_HARMONISTS_3',		'MOD_JGP_HARMONISTS_1_LEY_LINE_FAITH_NO_HOLY_SITE'),
		('POLICY_KOSS_HARMONISTS_3',		'MOD_JGP_HARMONISTS_1_LEY_LINE_GOLD_NO_COMMERCIAL'),
		('POLICY_KOSS_HARMONISTS_3',		'MOD_JGP_HARMONISTS_1_LEY_LINE_GOLD_NO_HARBOR'),
		('POLICY_KOSS_HARMONISTS_3',		'MOD_JGP_HARMONISTS_1_LEY_LINE_PRODUCTION_NO_INDUSTRIAL'),
		('POLICY_KOSS_HARMONISTS_3',		'MOD_JGP_HARMONISTS_GRANT_HAVEN_IMPROVEMENT'),
		('POLICY_KOSS_HARMONISTS_4',		'MOD_JGP_HARMONISTS_4_NAT_PARK_SCIENCE_NO_CAMPUS'),
		('POLICY_KOSS_HARMONISTS_4',		'MOD_JGP_HARMONISTS_4_NAT_PARK_CULTURE_NO_THEATER'),
		('POLICY_KOSS_HARMONISTS_4',		'MOD_JGP_HARMONISTS_4_NAT_PARK_FAITH_NO_HOLY_SITE'),
		('POLICY_KOSS_HARMONISTS_4',		'MOD_JGP_HARMONISTS_4_NAT_PARK_GOLD_NO_COMMERCIAL'),
		('POLICY_KOSS_HARMONISTS_4',		'MOD_JGP_HARMONISTS_4_NAT_PARK_GOLD_NO_HARBOR'),
		('POLICY_KOSS_HARMONISTS_4',		'MOD_JGP_HARMONISTS_4_NAT_PARK_PRODUCTION_NO_INDUSTRIAL'),
		('POLICY_KOSS_HARMONISTS_4',		'MOD_JGP_HARMONISTS_ALLOW_GLORY_OF_NATURE');
