-- KingOfSecretSociety_StarborneEmissaries
-- Author: Konomi
-- DateCreated: 9/2/2022 21:27:46
--------------------------------------------------------------

INSERT INTO Types 
		(Type,								Kind)
VALUES 	('POLICY_KOSS_EMISSARIES_1',		'KIND_POLICY'),
	 	('POLICY_KOSS_EMISSARIES_2',		'KIND_POLICY'),
	 	('POLICY_KOSS_EMISSARIES_3',		'KIND_POLICY'),
	 	('POLICY_KOSS_EMISSARIES_4',		'KIND_POLICY');

INSERT INTO Policies 
		(PolicyType,						Name,																											Description,									GovernmentSlotType,		ExplicitUnlock)
VALUES 	('POLICY_KOSS_EMISSARIES_1',		'[ICON_SECRETSOCIETY_JGP_STARBORNE_EMISSARIES] 1 {LOC_GOVERNOR_PROMOTION_JGP_STARBORNE_EMISSARIES_1_NAME}',		'LOC_POLICY_KOSS_EMISSARIES_1_DESCRIPTION',		'SLOT_WILDCARD',	 	1),
	 	('POLICY_KOSS_EMISSARIES_2',		'[ICON_SECRETSOCIETY_JGP_STARBORNE_EMISSARIES] 2 {LOC_GOVERNOR_PROMOTION_JGP_STARBORNE_EMISSARIES_2_NAME}',		'LOC_POLICY_KOSS_EMISSARIES_2_DESCRIPTION',		'SLOT_WILDCARD',	 	1),
	 	('POLICY_KOSS_EMISSARIES_3',		'[ICON_SECRETSOCIETY_JGP_STARBORNE_EMISSARIES] 3 {LOC_GOVERNOR_PROMOTION_JGP_STARBORNE_EMISSARIES_3_NAME}',		'LOC_POLICY_KOSS_EMISSARIES_3_DESCRIPTION',		'SLOT_WILDCARD',	 	1),
	 	('POLICY_KOSS_EMISSARIES_4',		'[ICON_SECRETSOCIETY_JGP_STARBORNE_EMISSARIES] 4 {LOC_GOVERNOR_PROMOTION_JGP_STARBORNE_EMISSARIES_4_NAME}',		'LOC_POLICY_KOSS_EMISSARIES_4_DESCRIPTION',		'SLOT_WILDCARD',	 	1);

INSERT INTO KOSS_GovernorPromotionPolicies
		(GovernorPromotionType,								PolicyType)
VALUES	('GOVERNOR_PROMOTION_KING_OF_SECRET_SOCIETY_1',		'POLICY_KOSS_EMISSARIES_1'),
		('GOVERNOR_PROMOTION_KING_OF_SECRET_SOCIETY_2',		'POLICY_KOSS_EMISSARIES_2'),
		('GOVERNOR_PROMOTION_KING_OF_SECRET_SOCIETY_3',		'POLICY_KOSS_EMISSARIES_3'),
		('GOVERNOR_PROMOTION_KING_OF_SECRET_SOCIETY_4',		'POLICY_KOSS_EMISSARIES_4');

INSERT INTO KOSS_SocietyPolicyBackgrounds
		(PolicyPrefix,				Background)
VALUES	('POLICY_KOSS_EMIS',		'Governments_KOSS_OtherCard');

INSERT INTO PolicyModifiers
		(PolicyType,						ModifierId)
VALUES	('POLICY_KOSS_EMISSARIES_1',		'POLICY_KOSS_EMISSARIES_1_WONDER_PRODUCTION'),
		('POLICY_KOSS_EMISSARIES_1',		'POLICY_KOSS_EMISSARIES_1_CAMPUS_WONDER_EUREKA'),
		('POLICY_KOSS_EMISSARIES_2',		'MOD_JGP_STARBORNE_EMISSARIES_2_BONUS_DISTRICT_SLOT_A'),
		('POLICY_KOSS_EMISSARIES_2',		'MOD_JGP_STARBORNE_EMISSARIES_2_BONUS_DISTRICT_SLOT_B'),
		('POLICY_KOSS_EMISSARIES_2',		'MOD_JGP_STARBORNE_EMISSARIES_2_BONUS_DISTRICT_SLOT_C'),
		('POLICY_KOSS_EMISSARIES_2',		'MOD_JGP_STARBORNE_EMISSARIES_2_BONUS_DISTRICT_SLOT_D'),
		('POLICY_KOSS_EMISSARIES_3',		'MOD_JGP_STARBORNE_EMISSARIES_3_ELERIUM_POWER_PLANT'),
		('POLICY_KOSS_EMISSARIES_3',		'MOD_JGP_STARBORNE_EMISSARIES_3_RESEARCHLAB_ELERIUM'),
		('POLICY_KOSS_EMISSARIES_3',		'MOD_JGP_STARBORNE_EMISSARIES_3_ELERIUM_CONVERSION_UNLOCK'),
		('POLICY_KOSS_EMISSARIES_4',		'POLICY_KOSS_EMISSARIES_4_SPACE_RACE_PRODUCTION'),
		('POLICY_KOSS_EMISSARIES_4',		'POLICY_KOSS_EMISSARIES_4_GALACTIC_EMBASSY_UNLOCK');

INSERT INTO Modifiers
		(ModifierId,											ModifierType,														RunOnce,	Permanent,	NewOnly,	SubjectRequirementSetId,	SubjectStackLimit)
VALUES	('POLICY_KOSS_EMISSARIES_1_WONDER_PRODUCTION',			'MODIFIER_PLAYER_CITIES_ADJUST_WONDER_ERA_PRODUCTION',				0,			0,			0,			NULL,						NULL),
		('POLICY_KOSS_EMISSARIES_1_CAMPUS_WONDER_EUREKA',		'MODIFIER_JGP_PLAYER_DISTRICTS_ADJUST_PLAYER_RANDOM_TECHNOLOGY_BOOST',	1,			1,		1,				'REQSET_JGP_STARBORNE_DISTRICT_IS_CAMPUS_ADJ_WONDER',			NULL),
		('POLICY_KOSS_EMISSARIES_4_SPACE_RACE_PRODUCTION',		'MODIFIER_PLAYER_CITIES_ADJUST_SPACE_RACE_PROJECTS_PRODUCTION',		0,			0,			0,			NULL,						NULL),
		('POLICY_KOSS_EMISSARIES_4_GALACTIC_EMBASSY_UNLOCK',	'MODIFIER_PLAYER_ALLOW_PROJECT',									0,			0,			0,			NULL,						NULL);

INSERT INTO ModifierArguments
		(ModifierId,											Name,						Value)
VALUES	('POLICY_KOSS_EMISSARIES_1_WONDER_PRODUCTION',			'Amount',					'15'),
		('POLICY_KOSS_EMISSARIES_1_WONDER_PRODUCTION',			'IsWonder',					'1'),
		('POLICY_KOSS_EMISSARIES_1_WONDER_PRODUCTION',			'StartEra',					'ERA_ANCIENT'),
		('POLICY_KOSS_EMISSARIES_1_WONDER_PRODUCTION',			'EndEra',					'ERA_FUTURE'),
		('POLICY_KOSS_EMISSARIES_1_CAMPUS_WONDER_EUREKA',		'Amount',					'1'),
		('POLICY_KOSS_EMISSARIES_4_SPACE_RACE_PRODUCTION',		'Amount',					'20'),
		('POLICY_KOSS_EMISSARIES_4_GALACTIC_EMBASSY_UNLOCK',	'ProjectType',				'PROJECT_JGP_GALACTIC_EMBASSY');
