-- KingOfSecretSociety_Werewolves
-- Author: Konomi
-- DateCreated: 10/18/2022 1:00:36
--------------------------------------------------------------

INSERT INTO Types 
		(Type,								Kind)
VALUES 	('POLICY_KOSS_WEREWOLVES_1',		'KIND_POLICY'),
	 	('POLICY_KOSS_WEREWOLVES_2',		'KIND_POLICY'),
	 	('POLICY_KOSS_WEREWOLVES_3',		'KIND_POLICY'),
	 	('POLICY_KOSS_WEREWOLVES_4',		'KIND_POLICY');

INSERT INTO Policies 
		(PolicyType,						Name,																							Description,									GovernmentSlotType,		ExplicitUnlock)
VALUES 	('POLICY_KOSS_WEREWOLVES_1',		'[ICON_SECRETSOCIETY_THB_WEREWOLVES] 1 {LOC_GOVERNOR_PROMOTION_THB_MOONLIT_HUNT_1_NAME}',		'LOC_POLICY_KOSS_WEREWOLVES_1_DESCRIPTION',		'SLOT_WILDCARD',	 	1),
	 	('POLICY_KOSS_WEREWOLVES_2',		'[ICON_SECRETSOCIETY_THB_WEREWOLVES] 2 {LOC_GOVERNOR_PROMOTION_THB_MOONLIT_HUNT_2_NAME}',		'LOC_POLICY_KOSS_WEREWOLVES_2_DESCRIPTION',		'SLOT_WILDCARD',	 	1),
	 	('POLICY_KOSS_WEREWOLVES_3',		'[ICON_SECRETSOCIETY_THB_WEREWOLVES] 3 {LOC_GOVERNOR_PROMOTION_THB_MOONLIT_HUNT_3_NAME}',		'LOC_POLICY_KOSS_WEREWOLVES_3_DESCRIPTION',		'SLOT_WILDCARD',	 	1),
	 	('POLICY_KOSS_WEREWOLVES_4',		'[ICON_SECRETSOCIETY_THB_WEREWOLVES] 4 {LOC_GOVERNOR_PROMOTION_THB_MOONLIT_HUNT_4_NAME}',		'LOC_POLICY_KOSS_WEREWOLVES_4_DESCRIPTION',		'SLOT_WILDCARD',	 	1);

INSERT INTO KOSS_GovernorPromotionPolicies
		(GovernorPromotionType,								PolicyType,						Ban)
VALUES	('GOVERNOR_PROMOTION_KING_OF_SECRET_SOCIETY_1',		'POLICY_KOSS_WEREWOLVES_1',		0),
		('GOVERNOR_PROMOTION_KING_OF_SECRET_SOCIETY_2',		'POLICY_KOSS_WEREWOLVES_2',		0),
		('GOVERNOR_PROMOTION_KING_OF_SECRET_SOCIETY_3',		'POLICY_KOSS_WEREWOLVES_3',		0),
		('GOVERNOR_PROMOTION_KING_OF_SECRET_SOCIETY_4',		'POLICY_KOSS_WEREWOLVES_4',		1);

INSERT INTO KOSS_PolicyAttachModifiers
		(PolicyType,								ModifierID)
VALUES	('POLICY_KOSS_WEREWOLVES_1',				'MOD_THB_MOONLIT_HUNT_1_GRANT_WEREWOLF'),
		('POLICY_KOSS_WEREWOLVES_2',				'MOD_THB_MOONLIT_HUNT_2_GRANT_WOLF_BLOOD'),
		('POLICY_KOSS_WEREWOLVES_2',				'MOD_THB_MOONLIT_HUNT_2_WEREWOLF_BOOST'),
		('POLICY_KOSS_WEREWOLVES_3',				'MOD_THB_MOONLIT_HUNT_3_WEREWOLF_CONVERT_ON_KILL'),
		('POLICY_KOSS_WEREWOLVES_3',				'MOD_THB_MOONLIT_HUNT_3_WEREWOLF_BOOST'),
		('POLICY_KOSS_WEREWOLVES_4',				'MOD_THB_MOONLIT_HUNT_4_WEREWOLF_GRANT_WILD_PACK'),
		('POLICY_KOSS_WEREWOLVES_4',				'MOD_THB_MOONLIT_HUNT_4_WEREWOLF_BOOST');

INSERT INTO KOSS_SocietyPolicyBackgrounds
		(PolicyPrefix,				Background)
VALUES	('POLICY_KOSS_WERE',		'Governments_KOSS_OtherCard');

INSERT INTO PolicyModifiers
		(PolicyType,						ModifierId)
VALUES	('POLICY_KOSS_WEREWOLVES_1',		'MOD_THB_MOONLIT_HUNT_1_ALLOW_PURCHASE_WEREWOLF'),
		('POLICY_KOSS_WEREWOLVES_2',		'MOD_THB_MOONLIT_HUNT_2_WEREWOLF_FAITH_KILL'),
		('POLICY_KOSS_WEREWOLVES_3',		'MOD_THB_MOONLIT_HUNT_3_ALLOW_BUILDING_LUNAR_CIRCLE');
