-- KingOfSecretSociety_BrigandCourt
-- Author: Konomi
-- DateCreated: 9/3/2022 1:17:11
--------------------------------------------------------------

INSERT INTO Types 
		(Type,								Kind)
VALUES 	('POLICY_KOSS_BRIGAND_COURT_1',		'KIND_POLICY'),
	 	('POLICY_KOSS_BRIGAND_COURT_2',		'KIND_POLICY'),
	 	('POLICY_KOSS_BRIGAND_COURT_3',		'KIND_POLICY'),
	 	('POLICY_KOSS_BRIGAND_COURT_4',		'KIND_POLICY');

INSERT INTO Policies 
		(PolicyType,						Name,																								Description,										GovernmentSlotType,		ExplicitUnlock)
VALUES 	('POLICY_KOSS_BRIGAND_COURT_1',		'[ICON_SECRETSOCIETY_JGP_BRIGAND_COURT] 1 {LOC_GOVERNOR_PROMOTION_JGP_BRIGAND_COURT_1_NAME}',		'LOC_POLICY_KOSS_BRIGAND_COURT_1_DESCRIPTION',		'SLOT_WILDCARD',	 	1),
	 	('POLICY_KOSS_BRIGAND_COURT_2',		'[ICON_SECRETSOCIETY_JGP_BRIGAND_COURT] 2 {LOC_GOVERNOR_PROMOTION_JGP_BRIGAND_COURT_2_NAME}',		'LOC_POLICY_KOSS_BRIGAND_COURT_2_DESCRIPTION',		'SLOT_WILDCARD',	 	1),
	 	('POLICY_KOSS_BRIGAND_COURT_3',		'[ICON_SECRETSOCIETY_JGP_BRIGAND_COURT] 3 {LOC_GOVERNOR_PROMOTION_JGP_BRIGAND_COURT_3_NAME}',		'LOC_POLICY_KOSS_BRIGAND_COURT_3_DESCRIPTION',		'SLOT_WILDCARD',	 	1),
	 	('POLICY_KOSS_BRIGAND_COURT_4',		'[ICON_SECRETSOCIETY_JGP_BRIGAND_COURT] 4 {LOC_GOVERNOR_PROMOTION_JGP_BRIGAND_COURT_4_NAME}',		'LOC_POLICY_KOSS_BRIGAND_COURT_4_DESCRIPTION',		'SLOT_WILDCARD',	 	1);

INSERT INTO KOSS_GovernorPromotionPolicies
		(GovernorPromotionType,								PolicyType,							Ban)
VALUES	('GOVERNOR_PROMOTION_KING_OF_SECRET_SOCIETY_1',		'POLICY_KOSS_BRIGAND_COURT_1',		0),
		('GOVERNOR_PROMOTION_KING_OF_SECRET_SOCIETY_2',		'POLICY_KOSS_BRIGAND_COURT_2',		0),
		('GOVERNOR_PROMOTION_KING_OF_SECRET_SOCIETY_3',		'POLICY_KOSS_BRIGAND_COURT_3',		0),
		('GOVERNOR_PROMOTION_KING_OF_SECRET_SOCIETY_4',		'POLICY_KOSS_BRIGAND_COURT_4',		1);

INSERT INTO KOSS_SocietyPolicyBackgrounds
		(PolicyPrefix,				Background)
VALUES	('POLICY_KOSS_BRIG',		'Governments_KOSS_OtherCard');

INSERT INTO PolicyModifiers
		(PolicyType,						ModifierId)
VALUES	('POLICY_KOSS_BRIGAND_COURT_1',		'MOD_JGP_BRIGAND_COURT_1_ALLOW_PURCHASE_PHANTOM_FLAGSHIP'),
		('POLICY_KOSS_BRIGAND_COURT_1',		'MOD_JGP_BRIGAND_COURT_1_BARBARIAN_OUTPOST_TRADE_ROUTE'),
		('POLICY_KOSS_BRIGAND_COURT_1',		'MOD_JGP_BRIGAND_COURT_1_BLOCK_MORE_PHANTOM_FLAGSHIPS'),
		('POLICY_KOSS_BRIGAND_COURT_2',		'MOD_JGP_BRIGAND_COURT_2_ALLOW_OUTLAW_PORT'),
		('POLICY_KOSS_BRIGAND_COURT_3',		'POLICY_KOSS_BRIGAND_COURT_1_ALL_NAVAL_PILLAGING'),
		('POLICY_KOSS_BRIGAND_COURT_3',		'MOD_JGP_BRIGAND_COURT_3_IMPROVEMENT_PILLAGING_BONUS'),
		('POLICY_KOSS_BRIGAND_COURT_3',		'MOD_JGP_BRIGAND_COURT_3_DISTRICT_PILLAGING_BONUS'),
		('POLICY_KOSS_BRIGAND_COURT_4',		'MOD_JGP_BRIGAND_COURT_4_REVEAL_TREASURE_TROVE');

INSERT INTO Modifiers
		(ModifierId,											ModifierType,										RunOnce,	Permanent,	SubjectRequirementSetId)
VALUES	('POLICY_KOSS_BRIGAND_COURT_1_ALL_NAVAL_PILLAGING',		'MODIFIER_PLAYER_UNITS_GRANT_ABILITY',				0,			0,			NULL);

INSERT INTO ModifierArguments
		(ModifierId,											Name,						Value)
VALUES	('POLICY_KOSS_BRIGAND_COURT_1_ALL_NAVAL_PILLAGING',		'AbilityType',				'ABILITY_JGP_ALL_NAVAL_COASTAL_RAID');
