-- KingOfSecretSociety_Industry
-- Author: Konomi
-- DateCreated: 9/5/2022 18:49:57
--------------------------------------------------------------

INSERT INTO Types 
		(Type,							Kind)
VALUES 	('POLICY_KOSS_INDUSTRY_1',		'KIND_POLICY'),
	 	('POLICY_KOSS_INDUSTRY_2',		'KIND_POLICY'),
	 	('POLICY_KOSS_INDUSTRY_3',		'KIND_POLICY'),
	 	('POLICY_KOSS_INDUSTRY_4',		'KIND_POLICY');

INSERT INTO Policies 
		(PolicyType,					Name,																			Description,									GovernmentSlotType,		ExplicitUnlock)
VALUES 	('POLICY_KOSS_INDUSTRY_1',		'[ICON_SECRETSOCIETY_INDUSTRY] 1 {LOC_GOVERNOR_PROMOTION_INDUSTRY_1_NAME}',		'LOC_POLICY_KOSS_INDUSTRY_1_DESCRIPTION',		'SLOT_WILDCARD',	 	1),
	 	('POLICY_KOSS_INDUSTRY_2',		'[ICON_SECRETSOCIETY_INDUSTRY] 2 {LOC_GOVERNOR_PROMOTION_INDUSTRY_2_NAME}',		'LOC_POLICY_KOSS_INDUSTRY_2_DESCRIPTION',		'SLOT_WILDCARD',	 	1),
	 	('POLICY_KOSS_INDUSTRY_3',		'[ICON_SECRETSOCIETY_INDUSTRY] 3 {LOC_GOVERNOR_PROMOTION_INDUSTRY_3_NAME}',		'LOC_POLICY_KOSS_INDUSTRY_3_DESCRIPTION',		'SLOT_WILDCARD',	 	1),
	 	('POLICY_KOSS_INDUSTRY_4',		'[ICON_SECRETSOCIETY_INDUSTRY] 4 {LOC_GOVERNOR_PROMOTION_INDUSTRY_4_NAME}',		'LOC_POLICY_KOSS_INDUSTRY_4_DESCRIPTION',		'SLOT_WILDCARD',	 	1);

INSERT INTO KOSS_GovernorPromotionPolicies
		(GovernorPromotionType,								PolicyType)
VALUES	('GOVERNOR_PROMOTION_KING_OF_SECRET_SOCIETY_1',		'POLICY_KOSS_INDUSTRY_1'),
		('GOVERNOR_PROMOTION_KING_OF_SECRET_SOCIETY_2',		'POLICY_KOSS_INDUSTRY_2'),
		('GOVERNOR_PROMOTION_KING_OF_SECRET_SOCIETY_3',		'POLICY_KOSS_INDUSTRY_3'),
		('GOVERNOR_PROMOTION_KING_OF_SECRET_SOCIETY_4',		'POLICY_KOSS_INDUSTRY_4');

INSERT INTO KOSS_PolicyAttachModifiers
		(PolicyType,							ModifierID)
VALUES	('POLICY_KOSS_INDUSTRY_4',				'INDUSTRY_STEAM_AIRSHIP');

INSERT INTO KOSS_SocietyPolicyBackgrounds
		(PolicyPrefix,				Background)
VALUES	('POLICY_KOSS_INDU',		'Governments_KOSS_OtherCard');

INSERT INTO PolicyModifiers
		(PolicyType,					ModifierId)
VALUES	('POLICY_KOSS_INDUSTRY_1',		'INDUSTRY_ADJACENCY_SCIENCE'),
		('POLICY_KOSS_INDUSTRY_1',		'INDUSTRY_VALID_BUILDING'),
		('POLICY_KOSS_INDUSTRY_1',		'INDUSTRY_DISTRICT_PRODUCTION'),
		('POLICY_KOSS_INDUSTRY_1',		'INDUSTRY_DISTRICT_UNLOCK'),
		('POLICY_KOSS_INDUSTRY_1',		'INDUSTRY_DISTRICT_UNLOCK_H'),
		('POLICY_KOSS_INDUSTRY_1',		'INDUSTRY_ADJACENCY_GOLD'),
		('POLICY_KOSS_INDUSTRY_2',		'INDUSTRY_EXTRA_REGIONAL'),
		('POLICY_KOSS_INDUSTRY_2',		'INDUSTRY_INDUSTRIAL_ZONE_YIELD_PRODUCTION'),
		('POLICY_KOSS_INDUSTRY_2',		'INDUSTRY_DISTRICTS_ADJUST_PRODUCTION'),
		('POLICY_KOSS_INDUSTRY_2',		'INDUSTRY_NOWAR_PRODUCTION'),
		('POLICY_KOSS_INDUSTRY_3',		'INDUSTRY_FREE_POWER_WORKSHOP'),
		('POLICY_KOSS_INDUSTRY_3',		'INDUSTRY_FREE_POWER_FACTORY'),
		('POLICY_KOSS_INDUSTRY_3',		'INDUSTRY_FREE_POWER_PLANT'),
		('POLICY_KOSS_INDUSTRY_3',		'INDUSTRY_FREE_POWER_COALPLANT'),
		('POLICY_KOSS_INDUSTRY_3',		'INDUSTRY_FREE_POWER_FOSSILPLANT'),
		('POLICY_KOSS_INDUSTRY_3',		'INDUSTRY_PRODUCTION_FROM_POWERED_BUILDINGS'),
		('POLICY_KOSS_INDUSTRY_3',		'INDUSTRY_CULTURE_FROM_POWERED_BUILDINGS'),
		('POLICY_KOSS_INDUSTRY_3',		'INDUSTRY_GOLD_FROM_POWERED_BUILDINGS'),
		('POLICY_KOSS_INDUSTRY_3',		'INDUSTRY_SCIENCE_FROM_POWERED_BUILDINGS'),
		('POLICY_KOSS_INDUSTRY_3',		'INDUSTRY_FOOD_FROM_POWERED_BUILDINGS'),
		('POLICY_KOSS_INDUSTRY_3',		'INDUSTRY_FAITH_FROM_POWERED_BUILDINGS'),
		('POLICY_KOSS_INDUSTRY_3',		'INDUSTRY_PROJECTS_PRODUCTION'),
		('POLICY_KOSS_INDUSTRY_3',		'INDUSTRY_POWERED_DISTRICTS'),
		('POLICY_KOSS_INDUSTRY_4',		'INDUSTRY_ALLOW_PROJECT');
