-- KingOfSecretSociety_Innsmouth
-- Author: Konomi
-- DateCreated: 8/14/2022 20:14:25
--------------------------------------------------------------

INSERT INTO Types 
		(Type,										Kind)
VALUES 	('POLICY_KOSS_INNSMOUTH_1',					'KIND_POLICY'),
	 	('POLICY_KOSS_INNSMOUTH_2',					'KIND_POLICY'),
	 	('POLICY_KOSS_INNSMOUTH_3',					'KIND_POLICY'),
	 	('POLICY_KOSS_INNSMOUTH_4',					'KIND_POLICY');

INSERT INTO Policies 
		(PolicyType,					Name,																			Description,									GovernmentSlotType,		ExplicitUnlock)
VALUES 	('POLICY_KOSS_INNSMOUTH_1',		'[ICON_SECRETSOCIETY_INNSMOUTH] 1 {LOC_GOVERNOR_PROMOTION_INNSMOUTH_1_NAME}',		'LOC_POLICY_KOSS_INNSMOUTH_1_DESCRIPTION',		'SLOT_WILDCARD',	 	1),
	 	('POLICY_KOSS_INNSMOUTH_2',		'[ICON_SECRETSOCIETY_INNSMOUTH] 2 {LOC_GOVERNOR_PROMOTION_INNSMOUTH_2_NAME}',		'LOC_POLICY_KOSS_INNSMOUTH_2_DESCRIPTION',		'SLOT_WILDCARD',	 	1),
	 	('POLICY_KOSS_INNSMOUTH_3',		'[ICON_SECRETSOCIETY_INNSMOUTH] 3 {LOC_GOVERNOR_PROMOTION_INNSMOUTH_3_NAME}',		'LOC_POLICY_KOSS_INNSMOUTH_3_DESCRIPTION',		'SLOT_WILDCARD',	 	1),
	 	('POLICY_KOSS_INNSMOUTH_4',		'[ICON_SECRETSOCIETY_INNSMOUTH] 4 {LOC_GOVERNOR_PROMOTION_INNSMOUTH_4_NAME}',		'LOC_POLICY_KOSS_INNSMOUTH_4_DESCRIPTION',		'SLOT_WILDCARD',	 	1);

INSERT INTO KOSS_GovernorPromotionPolicies
		(GovernorPromotionType,								PolicyType)
VALUES	('GOVERNOR_PROMOTION_KING_OF_SECRET_SOCIETY_1',		'POLICY_KOSS_INNSMOUTH_1'),
		('GOVERNOR_PROMOTION_KING_OF_SECRET_SOCIETY_2',		'POLICY_KOSS_INNSMOUTH_2'),
		('GOVERNOR_PROMOTION_KING_OF_SECRET_SOCIETY_3',		'POLICY_KOSS_INNSMOUTH_3'),
		('GOVERNOR_PROMOTION_KING_OF_SECRET_SOCIETY_4',		'POLICY_KOSS_INNSMOUTH_4');

INSERT INTO KOSS_PolicyAttachModifiers
		(PolicyType,							ModifierID)
VALUES	('POLICY_KOSS_INNSMOUTH_1',				'INNSMOUTH_DEEPONES'),
		('POLICY_KOSS_INNSMOUTH_2',				'INNSMOUTH_DEEPONES'),
		('POLICY_KOSS_INNSMOUTH_3',				'INNSMOUTH_DEEPONES'),
		('POLICY_KOSS_INNSMOUTH_4',				'INNSMOUTH_DEEPONES');

INSERT INTO KOSS_SocietyPolicyBackgrounds
		(PolicyPrefix,				Background)
VALUES	('POLICY_KOSS_INNS',		'Governments_KOSS_OtherCard');

INSERT INTO PolicyModifiers
		(PolicyType,					ModifierId)
VALUES	('POLICY_KOSS_INNSMOUTH_1',		'INNSMOUTH_DAGON_ALTAR'),
		('POLICY_KOSS_INNSMOUTH_2',		'INNSMOUTH_YIELD_GOLD'),
		('POLICY_KOSS_INNSMOUTH_2',		'INNSMOUTH_YIELD_PRODUCTION'),
		('POLICY_KOSS_INNSMOUTH_2',		'INNSMOUTH_YIELD_FOOD'),
		('POLICY_KOSS_INNSMOUTH_2',		'INNSMOUTH_GOLD_PURCHASE'),
		('POLICY_KOSS_INNSMOUTH_2',		'INNSMOUTH_YIELD_GOLD_1'),
		('POLICY_KOSS_INNSMOUTH_2',		'INNSMOUTH_YIELD_PRODUCTION_1'),
		('POLICY_KOSS_INNSMOUTH_2',		'INNSMOUTH_YIELD_FOOD_1'),
		('POLICY_KOSS_INNSMOUTH_2',		'INNSMOUTH_GOLD_COST'),
		('POLICY_KOSS_INNSMOUTH_3',		'INNSMOUTH_YIELD_PRODUCTION_2'),
		('POLICY_KOSS_INNSMOUTH_3',		'INNSMOUTH_YIELD_PRODUCTION_3'),
		('POLICY_KOSS_INNSMOUTH_3',		'INNSMOUTH_BUILDER_CHARGES'),
		('POLICY_KOSS_INNSMOUTH_4',		'INNSMOUTH_ALLOW_PROJECT');		
