-- KingOfSecretSociety
-- Author: Konomi
-- DateCreated: 7/31/2022 13:21:12
--------------------------------------------------------------
INSERT INTO Types
		(Type,												Kind)
VALUES	('SECRETSOCIETY_KNM_KING_OF_SECRET_SOCIETY',		'KIND_SECRETSOCIETY'),
		('GOVERNOR_KNM_KING_OF_SECRET_SOCIETY',				'KIND_GOVERNOR'),
		('GOVERNOR_PROMOTION_KING_OF_SECRET_SOCIETY_1',		'KIND_GOVERNOR_PROMOTION'),
		('GOVERNOR_PROMOTION_KING_OF_SECRET_SOCIETY_2',		'KIND_GOVERNOR_PROMOTION'),
		('GOVERNOR_PROMOTION_KING_OF_SECRET_SOCIETY_3',		'KIND_GOVERNOR_PROMOTION'),
		('GOVERNOR_PROMOTION_KING_OF_SECRET_SOCIETY_4',		'KIND_GOVERNOR_PROMOTION');


INSERT INTO SecretSocieties
		(SecretSocietyType,									Name,														Description,													DiscoveryText,												MembershipText,													GovernorType,									DiscoverAtBarbarianCampBaseChance,		DiscoverAtCityStateBaseChance,	DiscoverAtGoodyHutBaseChance,	DiscoverAtNaturalWonderBaseChance,	SmallIcon,				IconString)
VALUES	('SECRETSOCIETY_KNM_KING_OF_SECRET_SOCIETY',		'LOC_SECRETSOCIETY_KNM_KING_OF_SECRET_SOCIETY_NAME',		'LOC_SECRETSOCIETY_KNM_KING_OF_SECRET_SOCIETY_DESCRIPTION',		'LOC_SECRETSOCIETY_KNM_KING_OF_SECRET_SOCIETY_DISCOVERY',	'LOC_SECRETSOCIETY_KNM_KING_OF_SECRET_SOCIETY_MEMBERSHIP',		'GOVERNOR_KNM_KING_OF_SECRET_SOCIETY',			100,									100,							100,							999,								'Society_KOSS59',		'[ICON_SECRETSOCIETY_KNM_KOSS]');


INSERT INTO Governors
		(GovernorType,								Name,															Description,													IdentityPressure,	Title,					ShortTitle,				TransitionStrength,			AssignCityState,	Image,					PortraitImage,						PortraitImageSelected,					TraitType)
VALUES	('GOVERNOR_KNM_KING_OF_SECRET_SOCIETY',		'LOC_SECRETSOCIETY_KNM_KING_OF_SECRET_SOCIETY_NAME',			'LOC_SECRETSOCIETY_KNM_KING_OF_SECRET_SOCIETY_DESCRIPTION',		10,					'LOC_SECRETSOCIETY',	'LOC_SECRETSOCIETY',	100,						0,					'GOVERNOR_CARDINAL',	'GovernorNormalSTK_KOSS',			'GovernorSelectedSTK_KOSS',				NULL);


INSERT INTO GovernorsCannotAssign
		(GovernorType,								CannotAssign)
VALUES	('GOVERNOR_KNM_KING_OF_SECRET_SOCIETY',		1);


INSERT INTO GovernorPromotions
		(GovernorPromotionType,								Name,														Description,													Level,		Column,		BaseAbility)
VALUES	('GOVERNOR_PROMOTION_KING_OF_SECRET_SOCIETY_1',		'LOC_GOVERNOR_PROMOTION_KING_OF_SECRET_SOCIETY_1_NAME',		'LOC_GOVERNOR_PROMOTION_KING_OF_SECRET_SOCIETY_1_DESCRIPTION',	0,			1,			1),
		('GOVERNOR_PROMOTION_KING_OF_SECRET_SOCIETY_2',		'LOC_GOVERNOR_PROMOTION_KING_OF_SECRET_SOCIETY_2_NAME',		'LOC_GOVERNOR_PROMOTION_KING_OF_SECRET_SOCIETY_2_DESCRIPTION',	1,			1,			0),
		('GOVERNOR_PROMOTION_KING_OF_SECRET_SOCIETY_3',		'LOC_GOVERNOR_PROMOTION_KING_OF_SECRET_SOCIETY_3_NAME',		'LOC_GOVERNOR_PROMOTION_KING_OF_SECRET_SOCIETY_3_DESCRIPTION',	2,			1,			0),
		('GOVERNOR_PROMOTION_KING_OF_SECRET_SOCIETY_4',		'LOC_GOVERNOR_PROMOTION_KING_OF_SECRET_SOCIETY_4_NAME',		'LOC_GOVERNOR_PROMOTION_KING_OF_SECRET_SOCIETY_4_DESCRIPTION',	3,			1,			0);


INSERT INTO GovernorPromotionSets
		(GovernorType,								GovernorPromotion)
VALUES	('GOVERNOR_KNM_KING_OF_SECRET_SOCIETY',		'GOVERNOR_PROMOTION_KING_OF_SECRET_SOCIETY_1'),
		('GOVERNOR_KNM_KING_OF_SECRET_SOCIETY',		'GOVERNOR_PROMOTION_KING_OF_SECRET_SOCIETY_2'),
		('GOVERNOR_KNM_KING_OF_SECRET_SOCIETY',		'GOVERNOR_PROMOTION_KING_OF_SECRET_SOCIETY_3'),
		('GOVERNOR_KNM_KING_OF_SECRET_SOCIETY',		'GOVERNOR_PROMOTION_KING_OF_SECRET_SOCIETY_4');


INSERT INTO GovernorPromotionPrereqs
		(GovernorPromotionType,								PrereqGovernorPromotion)
VALUES	('GOVERNOR_PROMOTION_KING_OF_SECRET_SOCIETY_2',		'GOVERNOR_PROMOTION_KING_OF_SECRET_SOCIETY_1'),
		('GOVERNOR_PROMOTION_KING_OF_SECRET_SOCIETY_3',		'GOVERNOR_PROMOTION_KING_OF_SECRET_SOCIETY_2'),
		('GOVERNOR_PROMOTION_KING_OF_SECRET_SOCIETY_4',		'GOVERNOR_PROMOTION_KING_OF_SECRET_SOCIETY_3');


INSERT INTO GovernorPromotionConditions
		(GovernorPromotionType,								HiddenWithoutPrereqs,	EarliestGameEra)
VALUES	('GOVERNOR_PROMOTION_KING_OF_SECRET_SOCIETY_1',		0,						NULL),
		--('GOVERNOR_PROMOTION_KING_OF_SECRET_SOCIETY_2',		1,						'ERA_ANCIENT'),
		--('GOVERNOR_PROMOTION_KING_OF_SECRET_SOCIETY_3',		1,						'ERA_ANCIENT'),
		--('GOVERNOR_PROMOTION_KING_OF_SECRET_SOCIETY_4',		1,						'ERA_ANCIENT');
		('GOVERNOR_PROMOTION_KING_OF_SECRET_SOCIETY_2',		1,						'ERA_MEDIEVAL'),
		('GOVERNOR_PROMOTION_KING_OF_SECRET_SOCIETY_3',		1,						'ERA_INDUSTRIAL'),
		('GOVERNOR_PROMOTION_KING_OF_SECRET_SOCIETY_4',		1,						'ERA_ATOMIC');

INSERT INTO GovernorPromotionModifiers
		(GovernorPromotionType,								ModifierId)
VALUES	('GOVERNOR_PROMOTION_KING_OF_SECRET_SOCIETY_1',		'KOSS_WILDCARD_GOVERNMENT_SLOT'),
		('GOVERNOR_PROMOTION_KING_OF_SECRET_SOCIETY_2',		'KOSS_WILDCARD_GOVERNMENT_SLOT'),
		('GOVERNOR_PROMOTION_KING_OF_SECRET_SOCIETY_3',		'KOSS_WILDCARD_GOVERNMENT_SLOT'),
		('GOVERNOR_PROMOTION_KING_OF_SECRET_SOCIETY_4',		'KOSS_WILDCARD_GOVERNMENT_SLOT');

INSERT INTO Modifiers
		(ModifierId,									ModifierType,													RunOnce,	Permanent,	OwnerRequirementSetId,				SubjectRequirementSetId)
VALUES	('KOSS_WILDCARD_GOVERNMENT_SLOT',				'MODIFIER_PLAYER_CULTURE_ADJUST_GOVERNMENT_SLOTS_MODIFIER',		1,			1,			NULL,								'REQSET_KNM_HAS_CODE_OF_LAWS');

INSERT INTO ModifierArguments
		(ModifierId,												Name,						Value)
VALUES	('KOSS_WILDCARD_GOVERNMENT_SLOT',							'GovernmentSlotType',		'SLOT_WILDCARD');

INSERT INTO RequirementSets
		(RequirementSetId,										RequirementSetType)
VALUES	('REQSET_KNM_HAS_CODE_OF_LAWS',							'REQUIREMENTSET_TEST_ALL');

INSERT INTO RequirementSetRequirements
		(RequirementSetId,										RequirementId)
VALUES	('REQSET_KNM_HAS_CODE_OF_LAWS',							'REQ_KNM_HAS_CODE_OF_LAWS');

INSERT INTO Requirements
		(RequirementId,											RequirementType,					Inverse)
VALUES	('REQ_KNM_HAS_CODE_OF_LAWS',							'REQUIREMENT_PLAYER_HAS_CIVIC',		0);

INSERT INTO RequirementArguments
		(RequirementId,											Name,				Value)
VALUES	('REQ_KNM_HAS_CODE_OF_LAWS',							'CivicType',		'CIVIC_CODE_OF_LAWS');
