-- KingOfSecretSociety_AssassinsCreed
-- Author: PhantomJ_M
-- DateCreated: 2/18/2023 4:47:47 PM
--------------------------------------------------------------
INSERT INTO Types 
		(Type,									Kind)
VALUES 	('POLICY_KOSS_ASSASSINS_CREED_1',		'KIND_POLICY'),
	 	('POLICY_KOSS_ASSASSINS_CREED_2',		'KIND_POLICY'),
	 	('POLICY_KOSS_ASSASSINS_CREED_3',		'KIND_POLICY'),
	 	('POLICY_KOSS_ASSASSINS_CREED_4',		'KIND_POLICY');

INSERT INTO Policies 
		(PolicyType,							Name,																				Description,									GovernmentSlotType,		ExplicitUnlock)
VALUES 	('POLICY_KOSS_ASSASSINS_CREED_1',		'[ICON_SECRETSOCIETY_ASSASSINS] 1 {LOC_GOVERNOR_PROMOTION_ASSASSINS_1_NAME}',		'LOC_POLICY_KOSS_ASSASSINS_1_DESCRIPTION',		'SLOT_WILDCARD',	 	1),
	 	('POLICY_KOSS_ASSASSINS_CREED_2',		'[ICON_SECRETSOCIETY_ASSASSINS] 2 {LOC_GOVERNOR_PROMOTION_ASSASSINS_2_NAME}',		'LOC_POLICY_KOSS_ASSASSINS_2_DESCRIPTION',		'SLOT_WILDCARD',	 	1),
	 	('POLICY_KOSS_ASSASSINS_CREED_3',		'[ICON_SECRETSOCIETY_ASSASSINS] 3 {LOC_GOVERNOR_PROMOTION_ASSASSINS_3_NAME}',		'LOC_POLICY_KOSS_ASSASSINS_3_DESCRIPTION',		'SLOT_WILDCARD',	 	1),
	 	('POLICY_KOSS_ASSASSINS_CREED_4',		'[ICON_SECRETSOCIETY_ASSASSINS] 4 {LOC_GOVERNOR_PROMOTION_ASSASSINS_4_NAME}',		'LOC_POLICY_KOSS_ASSASSINS_4_DESCRIPTION',		'SLOT_WILDCARD',	 	1);

INSERT INTO KOSS_GovernorPromotionPolicies
		(GovernorPromotionType,								PolicyType)
VALUES	('GOVERNOR_PROMOTION_KING_OF_SECRET_SOCIETY_1',		'POLICY_KOSS_ASSASSINS_CREED_1'),
		('GOVERNOR_PROMOTION_KING_OF_SECRET_SOCIETY_2',		'POLICY_KOSS_ASSASSINS_CREED_2'),
		('GOVERNOR_PROMOTION_KING_OF_SECRET_SOCIETY_3',		'POLICY_KOSS_ASSASSINS_CREED_3'),
		('GOVERNOR_PROMOTION_KING_OF_SECRET_SOCIETY_4',		'POLICY_KOSS_ASSASSINS_CREED_4');

INSERT INTO KOSS_PolicyAttachModifiers
		(PolicyType,									ModifierID)
VALUES	('POLICY_KOSS_ASSASSINS_CREED_1',				'Modifier_ASSASSINS_Grant_ASSASSIN'),
		('POLICY_KOSS_ASSASSINS_CREED_1',				'Modifier_Governor_Promotion_ASSASSINS_1_Unlock_EDEN_PIECE'),
		('POLICY_KOSS_ASSASSINS_CREED_1',				'Modifier_Governor_Promotion_ASSASSINS_1_ASSASSIN_Capital_Gold'),
		('POLICY_KOSS_ASSASSINS_CREED_2',				'Modifier_ASSASSINS_Grant_ASSASSIN'),
		('POLICY_KOSS_ASSASSINS_CREED_2',				'Modifier_Governor_Promotion_ASSASSINS_1_ASSASSIN_Capital_Gold'),
		('POLICY_KOSS_ASSASSINS_CREED_3',				'Modifier_ASSASSINS_Grant_ASSASSIN'),
		('POLICY_KOSS_ASSASSINS_CREED_3',				'Modifier_Governor_Promotion_ASSASSINS_1_ASSASSIN_Capital_Gold'),
		('POLICY_KOSS_ASSASSINS_CREED_4',				'Modifier_ASSASSINS_Grant_ASSASSIN'),
		('POLICY_KOSS_ASSASSINS_CREED_4',				'Modifier_Governor_Promotion_ASSASSINS_1_ASSASSIN_Capital_Gold');

INSERT INTO KOSS_SocietyPolicyBackgrounds
		(PolicyPrefix,				Background)
VALUES	('POLICY_KOSS_ASSA',		'Governments_KOSS_OtherCard');

INSERT INTO PolicyModifiers
		(PolicyType,							ModifierId)
VALUES	('POLICY_KOSS_ASSASSINS_CREED_1',		'Modifier_Governor_Promotion_ASSASSINS_1_Unlock_EDEN_PIECE_SUPPRESS'),		
		('POLICY_KOSS_ASSASSINS_CREED_1',		'Modifier_Governor_Promotion_ASSASSINS_1_Unlock_ASSASSIN_BRANCH_ValidBuild'),
		('POLICY_KOSS_ASSASSINS_CREED_2',		'Modifier_Governor_Promotion_ASSASSINS_2_Unlock_ASSASSIN_ValidBuild'),
		('POLICY_KOSS_ASSASSINS_CREED_2',		'Modifier_Governor_Promotion_ASSASSINS_2_Unlock_THE_SHROUD_OF_EDEN_ValidBuild'),
		('POLICY_KOSS_ASSASSINS_CREED_2',		'Modifier_Governor_Promotion_ASSASSINS_2_SPY_Grant_Promotion'),
		('POLICY_KOSS_ASSASSINS_CREED_3',		'Modifier_Governor_Promotion_ASSASSINS_3_Unlock_THE_EYE_ValidBuild'),
		('POLICY_KOSS_ASSASSINS_CREED_3',		'Modifier_Governor_Promotion_ASSASSINS_3_SPY_CAPACITY'),
		('POLICY_KOSS_ASSASSINS_CREED_3',		'Modifier_Governor_Promotion_ASSASSINS_3_SPY_Offense_Bonus'),
		('POLICY_KOSS_ASSASSINS_CREED_3',		'Modifier_Governor_Promotion_ASSASSINS_3_SPY_Assassin_Bonus'),
		('POLICY_KOSS_ASSASSINS_CREED_4',		'Modifier_Governor_Promotion_ASSASSINS_4_Allow_PROJECT'),
		('POLICY_KOSS_ASSASSINS_CREED_4',		'Modifier_Governor_Promotion_ASSASSINS_3_SPY_CAPACITY');
