-- KingOfSecretSociety_KnightsofSolomon
-- Author: Konomi
-- DateCreated: 9/2/2022 19:17:19
--------------------------------------------------------------

INSERT INTO Types 
		(Type,								Kind)
VALUES 	('POLICY_KOSS_SOLOMON_1',			'KIND_POLICY'),
	 	('POLICY_KOSS_SOLOMON_2',			'KIND_POLICY'),
	 	('POLICY_KOSS_SOLOMON_3',			'KIND_POLICY'),
	 	('POLICY_KOSS_SOLOMON_4',			'KIND_POLICY');

INSERT INTO Policies 
		(PolicyType,					Name,																							Description,									GovernmentSlotType,		ExplicitUnlock)
VALUES 	('POLICY_KOSS_SOLOMON_1',		'[ICON_SECRETSOCIETY_JGP_SOLOMON] 1 {LOC_GOVERNOR_PROMOTION_JGP_KNIGHTS_OF_SOLOMON_1_NAME}',		'LOC_POLICY_KOSS_SOLOMON_1_DESCRIPTION',		'SLOT_WILDCARD',	 	1),
	 	('POLICY_KOSS_SOLOMON_2',		'[ICON_SECRETSOCIETY_JGP_SOLOMON] 2 {LOC_GOVERNOR_PROMOTION_JGP_KNIGHTS_OF_SOLOMON_2_NAME}',		'LOC_POLICY_KOSS_SOLOMON_2_DESCRIPTION',		'SLOT_WILDCARD',	 	1),
	 	('POLICY_KOSS_SOLOMON_3',		'[ICON_SECRETSOCIETY_JGP_SOLOMON] 3 {LOC_GOVERNOR_PROMOTION_JGP_KNIGHTS_OF_SOLOMON_3_NAME}',		'LOC_POLICY_KOSS_SOLOMON_3_DESCRIPTION',		'SLOT_WILDCARD',	 	1),
	 	('POLICY_KOSS_SOLOMON_4',		'[ICON_SECRETSOCIETY_JGP_SOLOMON] 4 {LOC_GOVERNOR_PROMOTION_JGP_KNIGHTS_OF_SOLOMON_4_NAME}',		'LOC_POLICY_KOSS_SOLOMON_4_DESCRIPTION',		'SLOT_WILDCARD',	 	1);

INSERT INTO KOSS_GovernorPromotionPolicies
		(GovernorPromotionType,								PolicyType)
VALUES	('GOVERNOR_PROMOTION_KING_OF_SECRET_SOCIETY_1',		'POLICY_KOSS_SOLOMON_1'),
		('GOVERNOR_PROMOTION_KING_OF_SECRET_SOCIETY_2',		'POLICY_KOSS_SOLOMON_2'),
		('GOVERNOR_PROMOTION_KING_OF_SECRET_SOCIETY_3',		'POLICY_KOSS_SOLOMON_3'),
		('GOVERNOR_PROMOTION_KING_OF_SECRET_SOCIETY_4',		'POLICY_KOSS_SOLOMON_4');

INSERT INTO KOSS_SocietyPolicyBackgrounds
		(PolicyPrefix,				Background)
VALUES	('POLICY_KOSS_SOLO',		'Governments_KOSS_OtherCard');

INSERT INTO PolicyModifiers
		(PolicyType,					ModifierId)
VALUES	('POLICY_KOSS_SOLOMON_1',		'MOD_JGP_KNIGHTS_OF_SOLOMON_1_PROPHET_POINTS'),
		('POLICY_KOSS_SOLOMON_1',		'MOD_JGP_KNIGHTS_OF_SOLOMON_1_GENERAL_POINTS'),
		('POLICY_KOSS_SOLOMON_1',		'MOD_JGP_KNIGHTS_OF_SOLOMON_1_APOSTLE_ORATOR'),
		('POLICY_KOSS_SOLOMON_1',		'MOD_JGP_KNIGHTS_OF_SOLOMON_1_ATTACH_TO_SHRINES'),
		('POLICY_KOSS_SOLOMON_2',		'MOD_JGP_KNIGHTS_OF_SOLOMON_2_TEMPLE_OF_SOLOMON'),
		('POLICY_KOSS_SOLOMON_3',		'MOD_JGP_KNIGHTS_OF_SOLOMON_3_DUMMY_CREATE'),
		('POLICY_KOSS_SOLOMON_4',		'MOD_JGP_KNIGHTS_OF_SOLOMON_4_APOSTLE_PROSELYTIZER'),
		('POLICY_KOSS_SOLOMON_4',		'MOD_JGP_KNIGHTS_OF_SOLOMON_4_MILITARY_PROMO_ATTACH_TO_CITIES'),
		('POLICY_KOSS_SOLOMON_4',		'MOD_JGP_KNIGHTS_OF_SOLOMON_4_ADD_BELIEF');
