-- KingOfSecretSociety_Policies
-- Author: Konomi
-- DateCreated: 7/31/2022 13:26:32
--------------------------------------------------------------

INSERT INTO Types 
		(Type,												Kind)
VALUES 	('POLICY_KOSS_OWLS_OF_MINERVA_1',					'KIND_POLICY'),
	 	('POLICY_KOSS_OWLS_OF_MINERVA_2',					'KIND_POLICY'),
	 	('POLICY_KOSS_OWLS_OF_MINERVA_3',					'KIND_POLICY'),
	 	('POLICY_KOSS_OWLS_OF_MINERVA_4',					'KIND_POLICY'),
	 	('POLICY_KOSS_HERMETIC_ORDER_1',					'KIND_POLICY'),
	 	('POLICY_KOSS_HERMETIC_ORDER_2',					'KIND_POLICY'),
	 	('POLICY_KOSS_HERMETIC_ORDER_3',					'KIND_POLICY'),
	 	('POLICY_KOSS_HERMETIC_ORDER_4',					'KIND_POLICY'),
	 	('POLICY_KOSS_VOIDSINGERS_1',						'KIND_POLICY'),
	 	('POLICY_KOSS_VOIDSINGERS_2',						'KIND_POLICY'),
	 	('POLICY_KOSS_VOIDSINGERS_3',						'KIND_POLICY'),
	 	('POLICY_KOSS_VOIDSINGERS_4',						'KIND_POLICY'),
	 	('POLICY_KOSS_SANGUINE_PACT_1',						'KIND_POLICY'),
	 	('POLICY_KOSS_SANGUINE_PACT_2',						'KIND_POLICY'),
	 	('POLICY_KOSS_SANGUINE_PACT_3',						'KIND_POLICY'),
	 	('POLICY_KOSS_SANGUINE_PACT_4',						'KIND_POLICY'),
	 	('MODIFIER_KOSS_PLAYER_ADJUST_BANNED_POLICY',		'KIND_MODIFIER');

INSERT INTO DynamicModifiers 
		(ModifierType,									CollectionType,			EffectType) 
VALUES	('MODIFIER_KOSS_PLAYER_ADJUST_BANNED_POLICY',	'COLLECTION_OWNER',		'EFFECT_ADJUST_PLAYER_BAN_POLICY');

INSERT INTO Policies 
		(PolicyType,							Name,																					Description,											GovernmentSlotType,		ExplicitUnlock)
VALUES 	('POLICY_KOSS_OWLS_OF_MINERVA_1',		'[ICON_SECRETSOCIETY_OWLS] 1 {LOC_GOVERNOR_PROMOTION_OWLS_OF_MINERVA_1_NAME}',			'LOC_POLICY_KOSS_OWLS_OF_MINERVA_1_DESCRIPTION',		'SLOT_WILDCARD',	 	1),
	 	('POLICY_KOSS_OWLS_OF_MINERVA_2',		'[ICON_SECRETSOCIETY_OWLS] 2 {LOC_GOVERNOR_PROMOTION_OWLS_OF_MINERVA_2_NAME}',			'LOC_POLICY_KOSS_OWLS_OF_MINERVA_2_DESCRIPTION',		'SLOT_WILDCARD',	 	1),
	 	('POLICY_KOSS_OWLS_OF_MINERVA_3',		'[ICON_SECRETSOCIETY_OWLS] 3 {LOC_GOVERNOR_PROMOTION_OWLS_OF_MINERVA_3_NAME}',			'LOC_POLICY_KOSS_OWLS_OF_MINERVA_3_DESCRIPTION',		'SLOT_WILDCARD',	 	1),
	 	('POLICY_KOSS_OWLS_OF_MINERVA_4',		'[ICON_SECRETSOCIETY_OWLS] 4 {LOC_GOVERNOR_PROMOTION_OWLS_OF_MINERVA_4_NAME}',			'LOC_POLICY_KOSS_OWLS_OF_MINERVA_4_DESCRIPTION',		'SLOT_WILDCARD',	 	1),
	 	('POLICY_KOSS_HERMETIC_ORDER_1',		'[ICON_SECRETSOCIETY_HERMETIC] 1 {LOC_GOVERNOR_PROMOTION_HERMETIC_ORDER_1_NAME}',		'LOC_POLICY_KOSS_HERMETIC_ORDER_1_DESCRIPTION',			'SLOT_WILDCARD',	 	1),
	 	('POLICY_KOSS_HERMETIC_ORDER_2',		'[ICON_SECRETSOCIETY_HERMETIC] 2 {LOC_GOVERNOR_PROMOTION_HERMETIC_ORDER_2_NAME}',		'LOC_POLICY_KOSS_HERMETIC_ORDER_2_DESCRIPTION',			'SLOT_WILDCARD',	 	1),
	 	('POLICY_KOSS_HERMETIC_ORDER_3',		'[ICON_SECRETSOCIETY_HERMETIC] 3 {LOC_GOVERNOR_PROMOTION_HERMETIC_ORDER_3_NAME}',		'LOC_POLICY_KOSS_HERMETIC_ORDER_3_DESCRIPTION',			'SLOT_WILDCARD',	 	1),
	 	('POLICY_KOSS_HERMETIC_ORDER_4',		'[ICON_SECRETSOCIETY_HERMETIC] 4 {LOC_GOVERNOR_PROMOTION_HERMETIC_ORDER_4_NAME}',		'LOC_POLICY_KOSS_HERMETIC_ORDER_4_DESCRIPTION',			'SLOT_WILDCARD',	 	1),
	 	('POLICY_KOSS_VOIDSINGERS_1',			'[ICON_SECRETSOCIETY_VOIDSINGERS] 1 {LOC_GOVERNOR_PROMOTION_VOIDSINGERS_1_NAME}',		'LOC_POLICY_KOSS_VOIDSINGERS_1_DESCRIPTION',			'SLOT_WILDCARD',	 	1),
	 	('POLICY_KOSS_VOIDSINGERS_2',			'[ICON_SECRETSOCIETY_VOIDSINGERS] 2 {LOC_GOVERNOR_PROMOTION_VOIDSINGERS_2_NAME}',		'LOC_POLICY_KOSS_VOIDSINGERS_2_DESCRIPTION',			'SLOT_WILDCARD',	 	1),
	 	('POLICY_KOSS_VOIDSINGERS_3',			'[ICON_SECRETSOCIETY_VOIDSINGERS] 3 {LOC_GOVERNOR_PROMOTION_VOIDSINGERS_3_NAME}',		'LOC_POLICY_KOSS_VOIDSINGERS_3_DESCRIPTION',			'SLOT_WILDCARD',	 	1),
	 	('POLICY_KOSS_VOIDSINGERS_4',			'[ICON_SECRETSOCIETY_VOIDSINGERS] 4 {LOC_GOVERNOR_PROMOTION_VOIDSINGERS_4_NAME}',		'LOC_POLICY_KOSS_VOIDSINGERS_4_DESCRIPTION',			'SLOT_WILDCARD',	 	1),
	 	('POLICY_KOSS_SANGUINE_PACT_1',			'[ICON_SECRETSOCIETY_SANGUINE] 1 {LOC_GOVERNOR_PROMOTION_SANGUINE_PACT_1_NAME}',		'LOC_POLICY_KOSS_SANGUINE_PACT_1_DESCRIPTION',			'SLOT_WILDCARD',	 	1),
	 	('POLICY_KOSS_SANGUINE_PACT_2',			'[ICON_SECRETSOCIETY_SANGUINE] 2 {LOC_GOVERNOR_PROMOTION_SANGUINE_PACT_2_NAME}',		'LOC_POLICY_KOSS_SANGUINE_PACT_2_DESCRIPTION',			'SLOT_WILDCARD',	 	1),
	 	('POLICY_KOSS_SANGUINE_PACT_3',			'[ICON_SECRETSOCIETY_SANGUINE] 3 {LOC_GOVERNOR_PROMOTION_SANGUINE_PACT_3_NAME}',		'LOC_POLICY_KOSS_SANGUINE_PACT_3_DESCRIPTION',			'SLOT_WILDCARD',	 	1),
	 	('POLICY_KOSS_SANGUINE_PACT_4',			'[ICON_SECRETSOCIETY_SANGUINE] 4 {LOC_GOVERNOR_PROMOTION_SANGUINE_PACT_4_NAME}',		'LOC_POLICY_KOSS_SANGUINE_PACT_4_DESCRIPTION',			'SLOT_WILDCARD',	 	1);
	 	
INSERT INTO KOSS_GovernorPromotionPolicies
		(GovernorPromotionType,								PolicyType,								Ban)
VALUES	('GOVERNOR_PROMOTION_KING_OF_SECRET_SOCIETY_1',		'POLICY_KOSS_OWLS_OF_MINERVA_1',		0),
		('GOVERNOR_PROMOTION_KING_OF_SECRET_SOCIETY_1',		'POLICY_KOSS_HERMETIC_ORDER_1',			1),
		('GOVERNOR_PROMOTION_KING_OF_SECRET_SOCIETY_1',		'POLICY_KOSS_VOIDSINGERS_1',			0),
		('GOVERNOR_PROMOTION_KING_OF_SECRET_SOCIETY_1',		'POLICY_KOSS_SANGUINE_PACT_1',			1),
		('GOVERNOR_PROMOTION_KING_OF_SECRET_SOCIETY_2',		'POLICY_KOSS_OWLS_OF_MINERVA_2',		0),
		('GOVERNOR_PROMOTION_KING_OF_SECRET_SOCIETY_2',		'POLICY_KOSS_HERMETIC_ORDER_2',			0),
		('GOVERNOR_PROMOTION_KING_OF_SECRET_SOCIETY_2',		'POLICY_KOSS_VOIDSINGERS_2',			0),
		('GOVERNOR_PROMOTION_KING_OF_SECRET_SOCIETY_2',		'POLICY_KOSS_SANGUINE_PACT_2',			1),
		('GOVERNOR_PROMOTION_KING_OF_SECRET_SOCIETY_3',		'POLICY_KOSS_OWLS_OF_MINERVA_3',		0),
		('GOVERNOR_PROMOTION_KING_OF_SECRET_SOCIETY_3',		'POLICY_KOSS_HERMETIC_ORDER_3',			1),
		('GOVERNOR_PROMOTION_KING_OF_SECRET_SOCIETY_3',		'POLICY_KOSS_VOIDSINGERS_3',			0),
		('GOVERNOR_PROMOTION_KING_OF_SECRET_SOCIETY_3',		'POLICY_KOSS_SANGUINE_PACT_3',			0),
		('GOVERNOR_PROMOTION_KING_OF_SECRET_SOCIETY_4',		'POLICY_KOSS_OWLS_OF_MINERVA_4',		0),
		('GOVERNOR_PROMOTION_KING_OF_SECRET_SOCIETY_4',		'POLICY_KOSS_HERMETIC_ORDER_4',			0),
		('GOVERNOR_PROMOTION_KING_OF_SECRET_SOCIETY_4',		'POLICY_KOSS_VOIDSINGERS_4',			0),
		('GOVERNOR_PROMOTION_KING_OF_SECRET_SOCIETY_4',		'POLICY_KOSS_SANGUINE_PACT_4',			0);

INSERT INTO KOSS_PolicyAttachModifiers
		(PolicyType,								ModifierID)
VALUES	('POLICY_KOSS_SANGUINE_PACT_1',				'SECRET_SOCIETY_GRANT_VAMPIRE'),
		('POLICY_KOSS_SANGUINE_PACT_2',				'SECRET_SOCIETY_GRANT_VAMPIRE'),
		('POLICY_KOSS_SANGUINE_PACT_2',				'SECRET_SOCIETY_GRANT_TWO_VAMPIRE_BUILDS'),
		('POLICY_KOSS_SANGUINE_PACT_3',				'SECRET_SOCIETY_GRANT_VAMPIRE'),
		('POLICY_KOSS_SANGUINE_PACT_3',				'SECRET_SOCIETY_GRANT_ONE_VAMPIRE_BUILD'),
		('POLICY_KOSS_SANGUINE_PACT_4',				'SECRET_SOCIETY_GRANT_VAMPIRE'),
		('POLICY_KOSS_SANGUINE_PACT_4',				'SECRET_SOCIETY_GRANT_ONE_VAMPIRE_BUILD'),
		('POLICY_KOSS_HERMETIC_ORDER_3',			'HERMETIC_ORDER_GREAT_ARTIST_LEY_LINE_CULTURE'),
		('POLICY_KOSS_HERMETIC_ORDER_3',			'HERMETIC_ORDER_GREAT_ADMIRAL_LEY_LINE_SCIENCE'),
		('POLICY_KOSS_HERMETIC_ORDER_3',			'HERMETIC_ORDER_GREAT_ENGINEER_LEY_LINE_PRODUCTION'),
		('POLICY_KOSS_HERMETIC_ORDER_3',			'HERMETIC_ORDER_GREAT_GENERAL_LEY_LINE_SCIENCE'),
		('POLICY_KOSS_HERMETIC_ORDER_3',			'HERMETIC_ORDER_GREAT_MERCHANT_LEY_LINE_GOLD'),
		('POLICY_KOSS_HERMETIC_ORDER_3',			'HERMETIC_ORDER_GREAT_MUSICIAN_LEY_LINE_CULTURE'),
		('POLICY_KOSS_HERMETIC_ORDER_3',			'HERMETIC_ORDER_GREAT_PROPHET_LEY_LINE_FAITH'),
		('POLICY_KOSS_HERMETIC_ORDER_3',			'HERMETIC_ORDER_GREAT_SCIENTIST_LEY_LINE_SCIENCE'),
		('POLICY_KOSS_HERMETIC_ORDER_3',			'HERMETIC_ORDER_GREAT_WRITER_LEY_LINE_CULTURE');

INSERT INTO KOSS_SocietyPolicyBackgrounds
		(PolicyPrefix,				Background)
VALUES	('POLICY_KOSS_OWLS',		'Governments_KOSS_OwlsOfMinervaCard'),
		('POLICY_KOSS_HERM',		'Governments_KOSS_HermeticOrderCard'),
		('POLICY_KOSS_VOID',		'Governments_KOSS_VoidSingerCard'),
		('POLICY_KOSS_SANG',		'Governments_KOSS_SanguinePactCard');

INSERT INTO PolicyModifiers
		(PolicyType,							ModifierId)
VALUES	('POLICY_KOSS_OWLS_OF_MINERVA_1',		'GOVERNOR_PROMOTION_OWLS_OF_MINERVA_1_ENVOY_FROM_TRADE_ROUTE'),
		('POLICY_KOSS_HERMETIC_ORDER_1',		'GOVERNOR_PROMOTION_HERMETIC_ORDER_1_UNLOCK_LEY_LINE'),
		('POLICY_KOSS_VOIDSINGERS_1',			'GOVERNOR_PROMOTION_VOIDSINGERS_1_UNLOCK_OLD_GOD_OBELISK'),
		('POLICY_KOSS_OWLS_OF_MINERVA_2',		'GOVERNOR_PROMOTION_OWLS_OF_MINERVA_2_UNLOCK_GILDED_VAULT'),
		('POLICY_KOSS_HERMETIC_ORDER_2',		'GOVERNOR_PROMOTION_HERMETIC_ORDER_2_UNLOCK_ALCHEMICAL_SOCIETY'),
		('POLICY_KOSS_VOIDSINGERS_2',			'GOVERNOR_PROMOTION_VOIDSINGERS_2_GOLD_FROM_FAITH'),
		('POLICY_KOSS_VOIDSINGERS_2',			'GOVERNOR_PROMOTION_VOIDSINGERS_2_SCIENCE_FROM_FAITH'),
		('POLICY_KOSS_VOIDSINGERS_2',			'GOVERNOR_PROMOTION_VOIDSINGERS_2_CULTURE_FROM_FAITH'),
		('POLICY_KOSS_OWLS_OF_MINERVA_3',		'GOVERNOR_PROMOTION_OWLS_OF_MINERVA_3_LOYALTY_FROM_COUNTERSPY'),
		('POLICY_KOSS_OWLS_OF_MINERVA_3',		'GOVERNOR_PROMOTION_OWLS_OF_MINERVA_3_AMENITY_FROM_COUNTERSPY'),
		('POLICY_KOSS_OWLS_OF_MINERVA_3',		'GOVERNOR_PROMOTION_OWLS_OF_MINERVA_3_SPY_CAPACITY'),
		('POLICY_KOSS_VOIDSINGERS_3',			'SECRET_SOCIETY_UNLOCK_CULTIST_UNIT'),
		('POLICY_KOSS_SANGUINE_PACT_3',			'SECRET_SOCIETY_INTIMIDATE_ENEMIES_ATTACHMENT'),
		('POLICY_KOSS_SANGUINE_PACT_3',			'SECRET_SOCIETY_VAMPIRES_ADVANCED_PILLAGING'),
		('POLICY_KOSS_OWLS_OF_MINERVA_4',		'GOVERNOR_PROMOTION_OWLS_OF_MINERVA_4_SPY_SUCCESS_GRANTS_CULTURE'),
		('POLICY_KOSS_OWLS_OF_MINERVA_4',		'GOVERNOR_PROMOTION_OWLS_OF_MINERVA_4_SPY_SUCCESS_GRANTS_GOLD'),
		('POLICY_KOSS_OWLS_OF_MINERVA_4',		'GOVERNOR_PROMOTION_OWLS_OF_MINERVA_4_SPY_SUCCESS_GRANTS_FAITH'),
		('POLICY_KOSS_OWLS_OF_MINERVA_4',		'GOVERNOR_PROMOTION_OWLS_OF_MINERVA_4_GOLD_INTEREST'),
		('POLICY_KOSS_HERMETIC_ORDER_4',		'HERMETIC_ORDER_ALLOW_PROJECT'),
		('POLICY_KOSS_VOIDSINGERS_4',			'VOIDSINGERS_ALLOW_PROJECT_DARK_SUMMONING'),
		('POLICY_KOSS_SANGUINE_PACT_4',			'SECRET_SOCIETIES_ATTACH_PLAYER_CASTLES_TELEPORT');
